Workbook

Sheet 参数设置
A1: 工资核算参数（黄色格可改）
A3: 基本参数
A4: 公司名称 | B4: 新疆某T恤有限公司 | D4: 修改为实际名称
A5: 发薪日 | B5: 25 | C5: 日 | D5: 每月几号发
A6: 月标准工作天数 | B6: 26 | C6: 天 | D6: 用于日薪计算
A7: 最低工资(元/月) | B7: 2400 | C7: 元 | D7: 按新疆标准填
A8: 加班系数
A9: 平日延时 | B9: 1.5 | C9: 倍 | D9: 超8小时
A10: 休息日 | B10: 2 | C10: 倍 | D10: 周六周日
A11: 节假日 | B11: 3 | C11: 倍 | D11: 法定假日
A12: 社保比例（个人）
A13: 养老 | B13: 8%
A14: 医疗 | B14: 2%
A15: 失业 | B15: 0.5%
A16: 公积金 | B16: 5% | D16: 新疆部分地区可能不缴
A17: 社保比例（单位）
A18: 养老 | B18: 16%
A19: 医疗 | B19: 8% | D19: 含生育
A20: 失业 | B20: 0.5%
A21: 工伤 | B21: 0.5% | D21: 按行业费率
A22: 公积金 | B22: 5%

Sheet 员工档案
A1: 工号 | B1: 姓名 | C1: 部门 | D1: 岗位 | E1: 工资类型 | F1: 底薪(元) | G1: 计件单价 | H1: 社保基数 | I1: 银行卡号 | J1: 开户行
A2: 001 | B2: 张三 | C2: 裁剪 | D2: 裁床工 | E2: 计件 | F2: 2400 | G2: 0.8 | H2: 2400 | I2: 6225881234567890 | J2: 建设银行
A3: 002 | B3: 李四 | C3: 缝纫 | D3: 缝纫工 | E3: 计件 | F3: 2400 | G3: 1.2 | H3: 2400 | I3: 6217001234567890 | J3: 工商银行
A4: 003 | B4: 王五 | C4: 质检 | D4: 质检员 | E4: 计时 | F4: 4500 | G4: 0 | H4: 4500 | I4: 6228481234567890 | J4: 农业银行
A5: 004 | B5: 赵六 | C5: 仓储 | D5: 仓管员 | E5: 综合 | F5: 3200 | G5: 0 | H5: 3200 | I5: 6236681234567890 | J5: 中国银行
A6: ... 向下继续填写，共500行

Sheet 月度工资核算
A1: 工号 | B1: 姓名 | C1: 部门 | D1: 出勤天数 | E1: 底薪应发 | F1: 计件数量 | G1: 计件工资 | H1: 加班小时 | I1: 加班工资 | J1: 绩效奖金 | K1: 应发合计 | L1: 养老个人 | M1: 医疗个人 | N1: 公积金个人 | O1: 个人所得税 | P1: 实 发
A2: =员工档案!A2 | B2: =员工档案!B2 | C2: =员工档案!C2 | D2: 26 | E2: =员工档案!F2/参数设置!$B$6*D2 | G2: =F2*员工档案!G2 | H2: 0 | I2: =H2*(员工档案!F2/参数设置!$B$6/参数设置!$B$7)*参数设置!$B$9 | J2: 0 | K2: =E2+G2+I2+J2 | L2: =员工档案!H2*0.08 | M2: =员工档案!H2*0.02 | N2: =员工档案!H2*0.05 | O2: =ROUND(MAX((MAX(0,K2-L2-M2-N2-5000))*{0.03,0.1,0.2,0.25,0.3,0.35,0.45}-{0,210,1410,2660,4410,7160,15160},0),2) | P2: =K2-L2-M2-N2-O2
A3: =员工档案!A3 | B3: =员工档案!B3 | C3: =员工档案!C3 | D3: 26 | E3: =员工档案!F3/参数设置!$B$6*D3 | G3: =F3*员工档案!G3 | H3: 0 | I3: =H3*(员工档案!F3/参数设置!$B$6/参数设置!$B$7)*参数设置!$B$9 | J3: 0 | K3: =E3+G3+I3+J3 | L3: =员工档案!H3*0.08 | M3: =员工档案!H3*0.02 | N3: =员工档案!H3*0.05 | O3: =ROUND(MAX((MAX(0,K3-L3-M3-N3-5000))*{0.03,0.1,0.2,0.25,0.3,0.35,0.45}-{0,210,1410,2660,4410,7160,15160},0),2) | P3: =K3-L3-M3-N3-O3
A4: =员工档案!A4 | B4: =员工档案!B4 | C4: =员工档案!C4 | D4: 26 | E4: =员工档案!F4/参数设置!$B$6*D4 | G4: =F4*员工档案!G4 | H4: 0 | I4: =H4*(员工档案!F4/参数设置!$B$6/参数设置!$B$7)*参数设置!$B$9 | J4: 0 | K4: =E4+G4+I4+J4 | L4: =员工档案!H4*0.08 | M4: =员工档案!H4*0.02 | N4: =员工档案!H4*0.05 | O4: =ROUND(MAX((MAX(0,K4-L4-M4-N4-5000))*{0.03,0.1,0.2,0.25,0.3,0.35,0.45}-{0,210,1410,2660,4410,7160,15160},0),2) | P4: =K4-L4-M4-N4-O4
A5: =员工档案!A5 | B5: =员工档案!B5 | C5: =员工档案!C5 | D5: 26 | E5: =员工档案!F5/参数设置!$B$6*D5 | G5: =F5*员工档案!G5 | H5: 0 | I5: =H5*(员工档案!F5/参数设置!$B$6/参数设置!$B$7)*参数设置!$B$9 | J5: 0 | K5: =E5+G5+I5+J5 | L5: =员工档案!H5*0.08 | M5: =员工档案!H5*0.02 | N5: =员工档案!H5*0.05 | O5: =ROUND(MAX((MAX(0,K5-L5-M5-N5-5000))*{0.03,0.1,0.2,0.25,0.3,0.35,0.45}-{0,210,1410,2660,4410,7160,15160},0),2) | P5: =K5-L5-M5-N5-O5
A6: 合 计 | E6: =SUM(E2:E5) | G6: =SUM(G2:G5) | I6: =SUM(I2:I5) | K6: =SUM(K2:K5) | L6: =SUM(L2:L5) | M6: =SUM(M2:M5) | N6: =SUM(N2:N5) | O6: =SUM(O2:O5) | P6: =SUM(P2:P5)
A8: 🟡 黄色列=手工录入 🟢 绿色列=自动计算 向下复制行即可扩展至500行
