Workbook

Sheet 胚布报价
A1: 原材料
A2: 序号 | B2: 材料名称 | C2: 工艺占比% | D2: 单位 | E2: 单价 | F2: 材料成本 | G2: 产品名称 | I2: 使用方法： 输入浅绿色部分即可自动计算； 产品名称：浅红色部分
A3: 1 | B3: 40S棉纱 | C3: 0.5048 | D3: 元/吨 | E3: 26000 | F3: =IF(C3=0,0,C3*E3) -> 13124.8 | G3: 150D
A4: 2 | B4: 75D丝 | C4: 0.2495 | D4: 元/吨 | E4: =(9250-90+1300) -> 10460 | F4: =IF(C4=0,0,C4*E4) -> 2609.77
A5: 3 | B5: 150D丝 | C5: 0.2457 | D5: 元/吨 | E5: =(10100) -> 10100 | F5: =IF(C5=0,0,C5*E5) -> 2481.57
A6: 4 | F6: =IF(C6=0,0,C6*E6) -> 0
A7: 5 | F7: =IF(C7=0,0,C7*E7) -> 0
A8: 合计 | C8: =SUM(C3:C5) -> 1 | D8: 必须占比之和100% | F8: =SUM(F3:F5) -> 18216.14
A10: 胚布成本 | F10: 文字输出
A11: 序号 | B11: 项目 | C11: 单位 | D11: 单价 | F11: =G3&IF(B3<>"",CHAR(10)&B3&"："&ROUND(C3*1000,1)&"KG*"&ROUND(E3/1000,2)&"元="&ROUND(F3,2),"")&IF(B4<>"",CHAR(10)&B4&"："&ROUND(C4*1000,1)&"KG*"&ROUND(E4/1000,2)&"元="&ROUND(F4,2),"")&IF(B5<>"",CHAR(10)&B5&"："&ROUND(C5*1000,1)&"KG*"&ROUND(E5/1000,2)&"元="&ROUND(F5,2),"")&IF(B6<>"",CHAR(10)&B6&"："&ROUND(C6*1000,1)&"KG*"&ROUND(E6/1000,2)&"元="&ROUND(F6,2),"")&IF(B7<>"",CHAR(10)&B7&"："&ROUND(C7*1000,1)&"KG*"&ROUND(E7/1000,2)&"元="&ROUND(F7,2),"")&CHAR(10)&"织费："&D18&"元/吨"&CHAR(10)&"织损："&ROUND(D16,0)&"元"&CHAR(10)&"胚布成本："&ROUND(D19,0)&"元" -> 150D 40S棉纱：504.8KG*26元=13124.8 75D丝：249.5KG*10.46元=2609.77 150D丝：245.7KG*10.1元=2481.57 织费：1200元/吨 织损：575元 胚布成本：20363元
A12: 1 | B12: 材料成本 | C12: 元/吨 | D12: =$F$8 -> 18216.14
A13: 2 | B13: 欠重率 | C13: 百分比 | D13: 0.02
A14: 3 | B14: 欠重金额 | C14: 元/吨 | D14: =D12/(1-D13)-D12 -> 371.75796
A15: 4 | B15: 织损率 | C15: 百分比 | D15: 0.03
A16: 5 | B16: 织损金额 | C16: 元/吨 | D16: =(D12+D14)/(1-D15)*D15 -> 574.88344 | E16: 验证
A17: 6 | B17: 来料金额 | C17: 元/吨 | D17: =D12+D14+D16 -> 19162.781 | E17: =D17*(1-D13)*(1-D15)-D12 -> 0
A18: 7 | B18: 织布人工 | C18: 元/吨 | D18: 1200
A19: 8 | B19: 坯布成本 | C19: 元/吨 | D19: =D17+D18 -> 20362.781

Sheet 验证示例
A1: 正确验证
A2: 项目 | B2: 金额 | C2: 验证 | D2: 公式
A3: 胚布成本 | B3: =胚布报价!D19 -> 20362.781 | C3: =B3-胚布报价!D19 -> 0 | D3: 理论原材料 = （成品金额-织工费） ÷ (1-欠重率) ÷ (1-织损率)
A4: 织工费 | B4: =胚布报价!D18 -> 1200 | C4: =B4-胚布报价!D18 -> 0
A5: 来料金额 | B5: =B3-B4 -> 19162.781 | C5: =B5-胚布报价!D17 -> 0
A6: 织损率 | B6: =胚布报价!D15 -> 0.03 | C6: =B6-胚布报价!D15 -> 0
A7: 织损金额 | B7: =B5*B6 -> 574.88344 | C7: =B7-胚布报价!D16 -> 0
A8: 织损前金额 | B8: =B5-B7 -> 18587.898 | C8: =B8-(胚布报价!D12+胚布报价!D14) -> 0
A9: 欠重率 | B9: =胚布报价!D13 -> 0.02 | C9: =B9-胚布报价!D13 -> 0
A10: 欠重金额 | B10: =B8*B9 -> 371.75796 | C10: =B10-胚布报价!D14 -> 5.1159077e-13
A11: 理论原材料 | B11: =B8-B10 -> 18216.14 | C11: =胚布报价!D12-B11 -> 0

Sheet 1
A1: 项目 | B1: 示例 | C1: 公式 | E1: 正确验证
A2: 来料金额 | B2: 1000 | C2: 成品产量 = 理论原材料 *(1-欠重率) *(1-织损率) | E2: =胚布报价!D12 -> 18216.14
A3: 欠重 | B3: 0.02 | E3: =B3 -> 0.02
A4: 欠重金额 | B4: =B2*B3 -> 20 | E4: =E2*E3 -> 364.3228
A5: 净重金额 | B5: =B2-B4 -> 980 | E5: =E2-E4 -> 17851.817
A6: 织损率 | B6: 0.03 | E6: =B6 -> 0.03
A7: 织损金额 | B7: =B5*B6 -> 29.4 | E7: =E5*E6 -> 535.55452
A8: 成品材料金额 | B8: =B5-B7 -> 950.6 | E8: =E5-E7 -> 17316.263 | G8: 直接人工成本 = 织工费
G9: 成品成本 = 直接材料 + 直接人工
A11: 正确验证
A12: 项目 | B12: 金额 | C12: 公式 | E12: 公式说明
A13: 来料金额 | B13: =胚布报价!D17 -> 19162.781 | C13: 理论原材料 = 成品产量 ÷ (1-欠重率) ÷ (1-织损率) | E13: 客户供料金额
A14: 欠重率 | B14: =胚布报价!D13 -> 0.02
A15: 欠重金额 | B15: =(B13-B17)*B14 -> 371.75796 | E15: （净重金额*欠重率）÷ （1-欠重率）
A16: 织损率 | B16: =胚布报价!D15 -> 0.03
A17: 织损金额 | B17: =B13*B16 -> 574.88344 | E17: （成品金额*织损率）÷ （1-织损率）
A18: 成品材料金额 | B18: =B13*(1-B14)*(1-B16) -> 18216.14 | E18: 客户想要的金额
